{
	"credit": "Made with Blockbench",
	"render_type": "cutout",
	"textures": {
		"1": "block/beacon",
		"2": "ducktech:block/hopperin",
		"3": "ducktech:block/hopperout"
	},
	"elements": [
		{
			"from": [0, 0, 0],
			"to": [16, 16, 16],
			"faces": {
				"north": {"uv": [0, 0, 16, 16], "texture": "#3"},
				"east": {"uv": [0, 0, 16, 16], "texture": "#3"},
				"south": {"uv": [0, 0, 16, 16], "texture": "#3"},
				"west": {"uv": [0, 0, 16, 16], "texture": "#3"},
				"up": {"uv": [16, 16, 0, 0], "texture": "#3"},
				"down": {"uv": [16, 0, 0, 16], "texture": "#3"}
			}
		},
		{
			"from": [15, 15, 15],
			"to": [1, 1, 1],
			"faces": {
				"north": {"uv": [0, 0, 14, 14], "texture": "#2"},
				"east": {"uv": [0, 0, 14, 14], "texture": "#2"},
				"south": {"uv": [0, 0, 14, 14], "texture": "#2"},
				"west": {"uv": [0, 0, 14, 14], "texture": "#2"},
				"up": {"uv": [0, 0, 14, 14], "texture": "#2"},
				"down": {"uv": [0, 0, 14, 14], "texture": "#2"}
			}
		},
		{
			"from": [4, 4, 4],
			"to": [12, 12, 12],
			"faces": {
				"north": {"uv": [4, 4, 12, 12], "texture": "#1"},
				"east": {"uv": [4, 4, 12, 12], "texture": "#1"},
				"south": {"uv": [4, 4, 12, 12], "texture": "#1"},
				"west": {"uv": [4, 4, 12, 12], "texture": "#1"},
				"up": {"uv": [4, 4, 12, 12], "texture": "#1"},
				"down": {"uv": [4, 4, 12, 12], "texture": "#1"}
			}
		}
	],
	"display": {
		"thirdperson_righthand": {
			"rotation": [75, 45, 0],
			"translation": [0, 2.5, 0],
			"scale": [0.375, 0.375, 0.375]
		},
		"thirdperson_lefthand": {
			"rotation": [75, 45, 0],
			"translation": [0, 2.5, 0],
			"scale": [0.375, 0.375, 0.375]
		},
		"firstperson_righthand": {
			"rotation": [0, 45, 0],
			"scale": [0.4, 0.4, 0.4]
		},
		"firstperson_lefthand": {
			"rotation": [0, 225, 0],
			"scale": [0.4, 0.4, 0.4]
		},
		"ground": {
			"translation": [0, 3, 0],
			"scale": [0.25, 0.25, 0.25]
		},
		"gui": {
			"rotation": [30, 225, 0],
			"scale": [0.625, 0.625, 0.625]
		},
		"fixed": {
			"scale": [0.5, 0.5, 0.5]
		}
	}
}